[{"id":"b90cb2c0-424f-4260-9226-f0ac1b9aa270","code":"E14000530","name":"Aldershot"},{"id":"a2346ecc-034e-4393-9c0b-a1317033752d","code":"E14000531","name":"Aldridge-Brownhills"},{"id":"66b307e4-eba0-4fac-9390-8348c5dfbc3c","code":"E14000532","name":"Altrincham and Sale West"},{"id":"fd80a1b1-8429-441a-aff3-cd72bff59cb5","code":"E14000533","name":"Amber Valley"},{"id":"820963d9-0d36-4d84-810a-f57c26059cdc","code":"E14000534","name":"Arundel and South Downs"},{"id":"ed76379e-2b72-4a37-b771-af72269f1552","code":"E14000535","name":"Ashfield"},{"id":"626ec78b-fe69-40dd-90f2-2b7e9f0bece5","code":"E14000536","name":"Ashford"},{"id":"ae3e349d-4e5a-4f2a-87e7-b3b9c92e3e38","code":"E14000537","name":"Ashton-under-Lyne"},{"id":"76d18691-1217-43c9-90e8-66d3ea951203","code":"E14000538","name":"Aylesbury"},{"id":"4eb5e2d4-390f-45c5-947c-07485131d910","code":"E14000539","name":"Banbury"},{"id":"42eb7078-2a53-441d-825d-3815e8f80cde","code":"E14000540","name":"Barking"},{"id":"8d90d18b-fc31-4dd2-95ed-ff47c4750480","code":"E14000541","name":"Barnsley Central"},{"id":"cbaec330-129a-4918-bbbf-ee845fed87e8","code":"E14000542","name":"Barnsley East"},{"id":"10eee7c8-be75-4339-9381-39654939795f","code":"E14000543","name":"Barrow and Furness"},{"id":"5f3e81d3-766b-4b32-aaf0-44aa8bda2914","code":"E14000544","name":"Basildon and Billericay"},{"id":"997ccc8f-778b-4deb-8f6e-8749d8aead0b","code":"E14000545","name":"Basingstoke"},{"id":"50f53fa0-36c7-4eff-b9c6-75e1a779df11","code":"E14000546","name":"Bassetlaw"},{"id":"125801cb-6605-42e8-bd60-7cabbc197f24","code":"E14000547","name":"Bath"},{"id":"3a78faf8-4fa5-49f1-8ff7-d6ca1536e29e","code":"E14000548","name":"Batley and Spen"},{"id":"cbf0f6ad-3945-4d9d-9a78-9f90a53d018d","code":"E14000549","name":"Battersea"},{"id":"a4b17fac-bb83-4a34-bb28-8148a01dd01f","code":"E14000550","name":"Beaconsfield"},{"id":"dda04ca1-61be-4ea2-b8eb-567e00d17b12","code":"E14000551","name":"Beckenham"},{"id":"f5a296bf-0caf-41ae-a5c0-17758ba07c7c","code":"E14000552","name":"Bedford"},{"id":"fea96d14-d332-43d7-96a4-52673640ade5","code":"E14000553","name":"Bermondsey and Old Southwark"},{"id":"29029220-55b1-43d3-943d-7f185d185b09","code":"E14000554","name":"Berwick-upon-Tweed"},{"id":"e6e230b0-d7a4-4a93-ae10-31069b90359f","code":"E14000555","name":"Bethnal Green and Bow"},{"id":"e7e769d0-dd10-4b5e-8cfa-3d4f7e73f47c","code":"E14000556","name":"Beverley and Holderness"},{"id":"36ee3bff-16c4-44f7-91b0-48ab82c90748","code":"E14000557","name":"Bexhill and Battle"},{"id":"9bb3e0cf-d535-460b-b507-4e0a69f05a46","code":"E14000558","name":"Bexleyheath and Crayford"},{"id":"fec7da56-4eb9-4a40-a07a-35362e845ef6","code":"E14000559","name":"Birkenhead"},{"id":"dc370167-9afd-497d-8910-6b87db4f9240","code":"E14000560","name":"Birmingham, Edgbaston"},{"id":"f11f4d90-6c69-4c34-8ba4-016064aa3cb2","code":"E14000561","name":"Birmingham, Erdington"},{"id":"e3c13dda-46bb-4e02-b71d-9907604f298d","code":"E14000562","name":"Birmingham, Hall Green"},{"id":"a6716282-6636-471b-aa33-e8eceb0e4975","code":"E14000563","name":"Birmingham, Hodge Hill"},{"id":"f777da46-6cb1-4fa7-a78b-02c7f4e01066","code":"E14000564","name":"Birmingham, Ladywood"},{"id":"b2da5936-2a46-4e63-8d1e-8c20b309ff90","code":"E14000565","name":"Birmingham, Northfield"},{"id":"d30034fe-4c13-4317-8931-18aa81ba56ec","code":"E14000566","name":"Birmingham, Perry Barr"},{"id":"8ef3b98f-10ac-49ed-87db-1d43332f9555","code":"E14000567","name":"Birmingham, Selly Oak"},{"id":"d32afc1f-1c5e-4488-a40f-9f7ea0f48b56","code":"E14000568","name":"Birmingham, Yardley"},{"id":"33507888-90ca-4b63-9d19-bb11ef1695b3","code":"E14000569","name":"Bishop Auckland"},{"id":"e11f3695-95af-42c7-8449-2c18d2af4a63","code":"E14000570","name":"Blackburn"},{"id":"697ee349-8ba2-47c7-a409-2ce9dd97c375","code":"E14000571","name":"Blackley and Broughton"},{"id":"591bdd2f-3219-48f0-b5f3-232e0656fd37","code":"E14000572","name":"Blackpool North and Cleveleys"},{"id":"4c97b1cf-a2b8-485c-9d84-b3d029fcd232","code":"E14000573","name":"Blackpool South"},{"id":"f425c76a-1942-493a-8590-55c878fdcea6","code":"E14000574","name":"Blaydon"},{"id":"d249bbb5-49cb-4586-b23a-178c7d6e0006","code":"E14000575","name":"Blyth Valley"},{"id":"3e71fd59-7952-4fb3-9a69-61fb2531cb6e","code":"E14000576","name":"Bognor Regis and Littlehampton"},{"id":"04494221-b025-4ebe-b47f-763422da800d","code":"E14000577","name":"Bolsover"},{"id":"b58ee593-80f9-4de4-924d-99950364d214","code":"E14000578","name":"Bolton North East"},{"id":"b1afe3f3-80ca-4988-9032-ae2a39537ac0","code":"E14000579","name":"Bolton South East"},{"id":"aeb9ec4d-e03e-4a65-b80d-8e5f41241dc2","code":"E14000580","name":"Bolton West"},{"id":"ae886f13-76d5-4099-af05-cbba9a4c6fbf","code":"E14000581","name":"Bootle"},{"id":"53839eef-7e6f-4fad-9afe-c477916f1952","code":"E14000582","name":"Boston and Skegness"},{"id":"c4a211ff-311e-42ab-914e-d7cf118f8e78","code":"E14000583","name":"Bosworth"},{"id":"72f97117-b7ca-42f1-bb9f-5fc54474983d","code":"E14000584","name":"Bournemouth East"},{"id":"5b5a77c9-1b84-4a86-b2e4-067b0b1ae9b5","code":"E14000585","name":"Bournemouth West"},{"id":"d8b453fd-60fd-40d1-8607-e33df44fab3f","code":"E14000586","name":"Bracknell"},{"id":"2b3a8e34-476d-4460-9e9c-231a7e2be05e","code":"E14000587","name":"Bradford East"},{"id":"ad0bddcb-41f5-4685-9561-b25376775a51","code":"E14000588","name":"Bradford South"},{"id":"7238a96d-31e3-4f25-9959-1cd0335dcb01","code":"E14000589","name":"Bradford West"},{"id":"309759eb-dfa5-465d-b973-765d82249b9a","code":"E14000590","name":"Braintree"},{"id":"36b3c13c-0d8b-409c-bbda-770f9244e215","code":"E14000591","name":"Brent Central"},{"id":"9f865a01-0499-4b48-97a6-c071f9ed9026","code":"E14000592","name":"Brent North"},{"id":"c7302536-376e-4428-b6d5-1f5e7d90725f","code":"E14000593","name":"Brentford and Isleworth"},{"id":"b24a585b-2ec6-47b7-ac29-65d0e1f3f0b2","code":"E14000594","name":"Brentwood and Ongar"},{"id":"281af389-21a1-4fb4-9aad-fa4cfcd0c725","code":"E14000595","name":"Bridgwater and West Somerset"},{"id":"fe4c5a42-5572-46be-a8de-5fa52de96790","code":"E14000596","name":"Brigg and Goole"},{"id":"0cccf151-c2a4-481d-ad3c-e289ba42314b","code":"E14000597","name":"Brighton, Kemptown"},{"id":"da1c619d-f15e-4fcb-a6d3-61fbc29c92cf","code":"E14000598","name":"Brighton, Pavilion"},{"id":"0b926c59-b5fd-4b07-97f3-5982ba2a1197","code":"E14000599","name":"Bristol East"},{"id":"4943833d-b56c-4040-9734-edf38c0061ea","code":"E14000600","name":"Bristol North West"},{"id":"8467a087-1918-4d49-8c38-8a347be5b063","code":"E14000601","name":"Bristol South"},{"id":"5bb71efe-ebf7-44cc-9bec-b13b2b27b287","code":"E14000602","name":"Bristol West"},{"id":"32871938-df06-4229-8188-797754c63b6d","code":"E14000603","name":"Broadland"},{"id":"2f1d6772-816a-4dea-8679-bc8b79df1dbf","code":"E14000604","name":"Bromley and Chislehurst"},{"id":"3ee7d2a8-53d7-4cf8-9589-efdf950fb8a6","code":"E14000605","name":"Bromsgrove"},{"id":"df62d713-dbe6-4414-b27f-b767362626fc","code":"E14000606","name":"Broxbourne"},{"id":"6c20a4d8-f1bb-465e-bd6d-82f29d0acc40","code":"E14000607","name":"Broxtowe"},{"id":"6c323374-2e4f-48b8-8793-82d7cdfef6ec","code":"E14000608","name":"Buckingham"},{"id":"8903e14b-08b5-48c3-a1a4-3396a1c35d71","code":"E14000609","name":"Burnley"},{"id":"2a46a1c2-476c-4b37-8855-822df1a30c45","code":"E14000610","name":"Burton"},{"id":"307b554c-d4ec-452b-998a-0376d05bcc37","code":"E14000611","name":"Bury North"},{"id":"acaa1b55-1620-4d9f-8e3a-3e01bcbc9efe","code":"E14000612","name":"Bury South"},{"id":"b97b50d9-2be9-414b-9c64-22f2aac0d4e9","code":"E14000613","name":"Bury St Edmunds"},{"id":"9af121ca-2b75-4b3f-bacb-b75ff48b9113","code":"E14000614","name":"Calder Valley"},{"id":"cde0d3f9-54a5-43da-8908-99b2d856a251","code":"E14000615","name":"Camberwell and Peckham"},{"id":"bb522c95-25dc-43f3-8710-98d7faae43e4","code":"E14000616","name":"Camborne and Redruth"},{"id":"2703ed7d-f970-47d6-839a-07b3d779cb64","code":"E14000617","name":"Cambridge"},{"id":"9349774a-bab4-42b0-94b3-2ffe3b7a19ce","code":"E14000618","name":"Cannock Chase"},{"id":"91745b98-27b1-425b-92cd-1274ea149ff7","code":"E14000619","name":"Canterbury"},{"id":"2dab144b-7275-4ec1-8ef3-2247bd14292f","code":"E14000620","name":"Carlisle"},{"id":"275d4842-f209-42cc-b103-f668473677a1","code":"E14000621","name":"Carshalton and Wallington"},{"id":"04638d16-ec9d-4aab-837b-8690c7b8043a","code":"E14000622","name":"Castle Point"},{"id":"961bfb43-435a-4976-a5e9-eb06122cabb2","code":"E14000623","name":"Central Devon"},{"id":"72d7b913-2b44-46fa-81be-cb70f8bdbdc2","code":"E14000624","name":"Central Suffolk and North Ipswich"},{"id":"05184eda-a1a7-44c6-b8ac-6e3b14bdcd03","code":"E14000625","name":"Charnwood"},{"id":"989866ec-e160-4a3e-9fc3-454808a40144","code":"E14000626","name":"Chatham and Aylesford"},{"id":"67ba8e61-526e-4eba-b09a-32fb1a682637","code":"E14000627","name":"Cheadle"},{"id":"e3cba18f-b99e-4646-b8b9-6f358fe1fc4d","code":"E14000628","name":"Chelmsford"},{"id":"f3e6d249-16bb-4936-bf35-5805e7941756","code":"E14000629","name":"Chelsea and Fulham"},{"id":"07a46c00-dc6c-4a28-a056-6ac871d7ab6a","code":"E14000630","name":"Cheltenham"},{"id":"718f2c87-23d4-46f9-a3de-3dc2a4472d76","code":"E14000631","name":"Chesham and Amersham"},{"id":"ff438d51-6051-4bb6-b6d5-5a6f58391476","code":"E14000632","name":"Chesterfield"},{"id":"1eaca8f6-9d70-4182-830b-eaec9059f2dc","code":"E14000633","name":"Chichester"},{"id":"1fc46a21-c3b4-4913-86a7-39e9c1a0c67f","code":"E14000634","name":"Chingford and Woodford Green"},{"id":"cd74381a-9947-4fc6-a2ff-a154735ea8b0","code":"E14000635","name":"Chippenham"},{"id":"38e112ad-2a45-4ab4-bf90-cee7f60db902","code":"E14000636","name":"Chipping Barnet"},{"id":"dc3da833-13d6-438f-96db-26b8c6d60ca7","code":"E14000637","name":"Chorley"},{"id":"b315e5c3-316f-4ab8-979f-acc66f0956f7","code":"E14000638","name":"Christchurch"},{"id":"818fe7f1-3f94-4b4b-8f02-2e532c4a819b","code":"E14000639","name":"Cities of London and Westminster"},{"id":"cf0d52e3-ff15-456d-8fce-3a943a6cd608","code":"E14000640","name":"City of Chester"},{"id":"6493f831-3fe8-4126-aecf-ed112f79fbf2","code":"E14000641","name":"City of Durham"},{"id":"c9e5deb0-e664-4783-889c-2985ae95ebba","code":"E14000642","name":"Clacton"},{"id":"2a2e95e2-bffd-41fd-944f-36b9f612478d","code":"E14000643","name":"Cleethorpes"},{"id":"0710075b-4fee-441f-b07c-113b38d08647","code":"E14000644","name":"Colchester"},{"id":"1380d5f5-7fb7-460e-a18e-731319fcd59b","code":"E14000645","name":"Colne Valley"},{"id":"473df9d5-53b4-4b5c-a8fd-71c34af5dfae","code":"E14000646","name":"Congleton"},{"id":"df9a6439-4cc3-4aa8-8566-f73ba4014a6c","code":"E14000647","name":"Copeland"},{"id":"6b8acd66-79ff-46ac-a006-0f5107e793f0","code":"E14000648","name":"Corby"},{"id":"5c9e802c-2a89-4c9e-bc89-d16347bb9bce","code":"E14000649","name":"Coventry North East"},{"id":"f42f2832-80d6-4a2c-92ce-904468176c91","code":"E14000650","name":"Coventry North West"},{"id":"ae354eed-ea6b-489d-adef-0fb4d3e93050","code":"E14000651","name":"Coventry South"},{"id":"6aee3a13-0e89-476a-872c-4d53f0f0b49a","code":"E14000652","name":"Crawley"},{"id":"5d293cf0-f958-40c3-b434-49cc257644e2","code":"E14000653","name":"Crewe and Nantwich"},{"id":"7e0120ee-07b4-4db1-8ac6-2ec7204284d7","code":"E14000654","name":"Croydon Central"},{"id":"fecf4ca6-d524-4b9f-b8c1-799a258969a5","code":"E14000655","name":"Croydon North"},{"id":"c68ac1b5-11da-4b18-9a7e-23d6ba06be15","code":"E14000656","name":"Croydon South"},{"id":"1a4572ba-1c59-4426-ac66-9f8dcb8c1e58","code":"E14000657","name":"Dagenham and Rainham"},{"id":"5f8fbe2f-1615-4557-b592-b04fb8cd7cc4","code":"E14000658","name":"Darlington"},{"id":"893eaf71-cb2d-49ce-93c6-5d3b7819562e","code":"E14000659","name":"Dartford"},{"id":"304b390f-a228-4a1e-a703-1c3673921794","code":"E14000660","name":"Daventry"},{"id":"1b7a68fc-dbdd-42d0-ac1d-31794a10eaea","code":"E14000661","name":"Denton and Reddish"},{"id":"322864b1-0839-429c-891d-cb9f6fd6be24","code":"E14000662","name":"Derby North"},{"id":"87904d00-91ad-40be-a375-da8852fbeaeb","code":"E14000663","name":"Derby South"},{"id":"9676f0b5-4a53-4523-94e3-abe97c18d339","code":"E14000664","name":"Derbyshire Dales"},{"id":"d5c41200-cae1-44b6-b5f9-ef5a8e33c12b","code":"E14000665","name":"Devizes"},{"id":"7943446e-1b42-4db3-bfe7-4e4e40444ba1","code":"E14000666","name":"Dewsbury"},{"id":"59d19a13-483d-4fcc-8abb-d21a2beac17f","code":"E14000667","name":"Don Valley"},{"id":"44dc34e4-0bf9-4b97-882a-a3166ee9c992","code":"E14000668","name":"Doncaster Central"},{"id":"bc9aa597-5a7b-4187-a119-67ec5b1e51ea","code":"E14000669","name":"Doncaster North"},{"id":"d9aa11f0-d32d-473e-99f2-13f8e92cc9c9","code":"E14000670","name":"Dover"},{"id":"24db4af1-7f6a-4317-9502-0ce487783c6f","code":"E14000671","name":"Dudley North"},{"id":"ddb820d1-306a-48c6-bb65-5f885b13a631","code":"E14000672","name":"Dudley South"},{"id":"27793dd1-770c-4f63-a373-54185010090e","code":"E14000673","name":"Dulwich and West Norwood"},{"id":"c30bfd97-a7a1-4a4f-9fb2-481967c4eb4c","code":"E14000674","name":"Ealing Central and Acton"},{"id":"cd5fd42a-ccf0-48a3-9848-758094ba881d","code":"E14000675","name":"Ealing North"},{"id":"4402964d-e7ce-4105-a456-816cd5d4905d","code":"E14000676","name":"Ealing, Southall"},{"id":"78c4b0d1-67fc-4a1b-aeab-12242bff53e2","code":"E14000677","name":"Easington"},{"id":"66393040-3bf7-4be3-9eb5-c62e61aab481","code":"E14000678","name":"East Devon"},{"id":"a37cf19e-854e-426b-8cb6-174970e1ee2c","code":"E14000679","name":"East Ham"},{"id":"cac48786-04d5-4feb-915f-4b1c20f9de35","code":"E14000680","name":"East Hampshire"},{"id":"9c24a598-39ee-431e-aabc-6c298ec9421e","code":"E14000681","name":"East Surrey"},{"id":"f9c06e88-56a4-48a0-b1c7-6796b0c65f19","code":"E14000682","name":"East Worthing and Shoreham"},{"id":"c59744fc-401f-4dbd-a4f2-43a007f87df9","code":"E14000683","name":"East Yorkshire"},{"id":"b30e2b27-0448-4ee5-bbdb-376a29c89d64","code":"E14000684","name":"Eastbourne"},{"id":"681fd4be-c865-42bc-b954-d9493d8872da","code":"E14000685","name":"Eastleigh"},{"id":"e11810b3-3ace-46f4-8f8d-b98f78c9249d","code":"E14000686","name":"Eddisbury"},{"id":"f79b409b-ffb6-44ce-a0c0-d46bcb617996","code":"E14000687","name":"Edmonton"},{"id":"91d31235-2f6b-4791-b414-cbb7e3b047e6","code":"E14000688","name":"Ellesmere Port and Neston"},{"id":"2fd4ae5d-dd3a-44ff-a827-5e250489707f","code":"E14000689","name":"Elmet and Rothwell"},{"id":"0852c112-d303-4f10-be86-390000cd8f16","code":"E14000690","name":"Eltham"},{"id":"f62ea81f-6c64-4d29-9ccc-b13df56bf49f","code":"E14000691","name":"Enfield North"},{"id":"7c06be93-0871-4421-922a-08567bc658fe","code":"E14000692","name":"Enfield, Southgate"},{"id":"bbd0d62a-ee10-4d5f-842b-e29dc013e33d","code":"E14000693","name":"Epping Forest"},{"id":"d23a702f-5a3b-4cbb-86df-2c131ab8f859","code":"E14000694","name":"Epsom and Ewell"},{"id":"3965093d-8ae1-4ef5-bbe4-5bef33d9f148","code":"E14000695","name":"Erewash"},{"id":"8926410c-af1d-46ef-af87-5327e4886854","code":"E14000696","name":"Erith and Thamesmead"},{"id":"33aa618f-6b80-4167-917c-7259b2e5c992","code":"E14000697","name":"Esher and Walton"},{"id":"8fbfa34b-7d0e-40b2-8d01-d7679e43f891","code":"E14000698","name":"Exeter"},{"id":"059be18c-1a9e-4e7a-b912-20d6ec7d065e","code":"E14000699","name":"Fareham"},{"id":"2c7f4a9e-fff7-4b9a-bec9-28cf557d850b","code":"E14000700","name":"Faversham and Mid Kent"},{"id":"a78be00d-9d0e-4b1c-b723-b0f5fb5b20df","code":"E14000701","name":"Feltham and Heston"},{"id":"6aa78665-5e86-484f-9da4-4daaede6a108","code":"E14000702","name":"Filton and Bradley Stoke"},{"id":"3230f6bf-7629-4feb-bb3b-17d67dc2567d","code":"E14000703","name":"Finchley and Golders Green"},{"id":"fc6ee5b8-0f63-449b-9e09-47d7b99371c4","code":"E14000704","name":"Folkestone and Hythe"},{"id":"a2a09887-b6a0-4425-87f5-78dac7a67ed1","code":"E14000705","name":"Forest of Dean"},{"id":"cda87b3a-b760-4aa0-94f5-0276fb02151c","code":"E14000706","name":"Fylde"},{"id":"379d8c1e-8f54-4fc2-9b9f-441d813b25ee","code":"E14000707","name":"Gainsborough"},{"id":"0af59583-eba2-4f35-9f99-1e3c9a9b5586","code":"E14000708","name":"Garston and Halewood"},{"id":"d4159105-8cf6-4ac6-9677-aef2734124c3","code":"E14000709","name":"Gateshead"},{"id":"311e0ee6-b0c8-4b60-8644-fe4e56dfaafb","code":"E14000710","name":"Gedling"},{"id":"a2de48f8-78cf-4d64-8e5e-fb646d8a2fd9","code":"E14000711","name":"Gillingham and Rainham"},{"id":"f9fc59a3-de6b-405d-a05f-79818f7a6631","code":"E14000712","name":"Gloucester"},{"id":"90dbf984-65bf-43ca-8a29-7ffa77aced90","code":"E14000713","name":"Gosport"},{"id":"3177be08-1f7b-428f-b9ee-1f46601b00dd","code":"E14000714","name":"Grantham and Stamford"},{"id":"9fa3dd89-0934-4484-ac06-f66e5762ce37","code":"E14000715","name":"Gravesham"},{"id":"c7c13cbf-ee35-4e5b-ae31-ee0113edec0d","code":"E14000716","name":"Great Grimsby"},{"id":"cd95cd9e-7e35-4739-b65d-3dea5ea6b6fc","code":"E14000717","name":"Great Yarmouth"},{"id":"f991d38c-eeed-4888-9d97-148d6ba860a1","code":"E14000718","name":"Greenwich and Woolwich"},{"id":"9e40707d-67be-42e8-9fa8-5b7544f30d85","code":"E14000719","name":"Guildford"},{"id":"f9c2508c-814b-49c8-93c6-1c0260f525e4","code":"E14000720","name":"Hackney North and Stoke Newington"},{"id":"479b0039-893c-4724-a9c6-157a34446f1e","code":"E14000721","name":"Hackney South and Shoreditch"},{"id":"5920ee42-60c8-403b-9d71-a8cd41b98817","code":"E14000722","name":"Halesowen and Rowley Regis"},{"id":"0a4282c6-1cd2-463d-9e97-c0686356a563","code":"E14000723","name":"Halifax"},{"id":"dee40e15-fac0-4b71-9fd0-d06facda663d","code":"E14000724","name":"Haltemprice and Howden"},{"id":"5156acd9-05ee-45ba-8bc6-7dd409f17372","code":"E14000725","name":"Halton"},{"id":"7bffbbbd-bdd1-4ae9-aa45-5035656427c2","code":"E14000726","name":"Hammersmith"},{"id":"e74001e6-177a-483c-8fbe-76ff6fe2a030","code":"E14000727","name":"Hampstead and Kilburn"},{"id":"56bcbcbc-b5f0-427c-acc9-fc398fd3194c","code":"E14000728","name":"Harborough"},{"id":"77632605-b17d-4e66-940b-32c53173494d","code":"E14000729","name":"Harlow"},{"id":"5598b5b3-77c1-4d5f-906b-0b4bf4794093","code":"E14000730","name":"Harrogate and Knaresborough"},{"id":"d1413cfa-9fee-42e0-9e51-35adb484f2af","code":"E14000731","name":"Harrow East"},{"id":"60b0a01e-eea3-4f36-ace7-fea86e938ff8","code":"E14000732","name":"Harrow West"},{"id":"23b117e0-0a50-40a2-a13d-f688e7b68c6e","code":"E14000733","name":"Hartlepool"},{"id":"c8ab4105-2d3c-439f-9c49-8273762ec1dc","code":"E14000734","name":"Harwich and North Essex"},{"id":"1cd924ef-6485-4ba8-bec2-fb79282d11bc","code":"E14000735","name":"Hastings and Rye"},{"id":"7dba92fa-e30f-4098-8bc8-f3bab1a31b19","code":"E14000736","name":"Havant"},{"id":"bc372b7f-b10f-45fa-a0e9-c50274ded331","code":"E14000737","name":"Hayes and Harlington"},{"id":"6837aa81-735b-439a-a7d3-50f7f6783a83","code":"E14000738","name":"Hazel Grove"},{"id":"f35c10f4-7097-4779-a7ea-b58bd9f33bc2","code":"E14000739","name":"Hemel Hempstead"},{"id":"83092487-48c5-491e-8355-6e1ad9c0ede9","code":"E14000740","name":"Hemsworth"},{"id":"d51df0a4-e2f5-4e84-b00d-324c60993e0c","code":"E14000741","name":"Hendon"},{"id":"6b1f9874-2930-40f9-91ae-da3c6fac4474","code":"E14000742","name":"Henley"},{"id":"d4b595fe-bbc2-4f93-8114-92818da8fd2f","code":"E14000743","name":"Hereford and South Herefordshire"},{"id":"99aad854-5928-42b5-ab85-f107dd6c13c8","code":"E14000744","name":"Hertford and Stortford"},{"id":"722f9b4d-0f40-4885-a34c-ca61d7cbfece","code":"E14000745","name":"Hertsmere"},{"id":"31006ce8-f61b-417a-b73f-5c0291e9b91a","code":"E14000746","name":"Hexham"},{"id":"4615b129-d93c-46bf-8681-14a62370d8f2","code":"E14000747","name":"Heywood and Middleton"},{"id":"b1d5d312-f896-4cb0-aefd-6646ebcbbccb","code":"E14000748","name":"High Peak"},{"id":"217e0d92-9edd-41c4-9bd6-a23bf87d664b","code":"E14000749","name":"Hitchin and Harpenden"},{"id":"5c9c7dc3-60ce-4e00-a18e-b365c56dcc58","code":"E14000750","name":"Holborn and St Pancras"},{"id":"1886b1fd-e8ce-4637-833c-e01043c0ed6e","code":"E14000751","name":"Hornchurch and Upminster"},{"id":"ff912988-470f-4e78-bc0d-e228a19e7629","code":"E14000752","name":"Hornsey and Wood Green"},{"id":"5cb9ff86-8602-45d2-ba7d-8ee2adbbfd7e","code":"E14000753","name":"Horsham"},{"id":"9d52f3b5-5abb-4eb0-9e29-01a48deffb6e","code":"E14000754","name":"Houghton and Sunderland South"},{"id":"a9203d0b-a12e-42bb-8f5f-8d52ceeb69a6","code":"E14000755","name":"Hove"},{"id":"121cd9cb-359f-48a1-b0db-278077f4ae58","code":"E14000756","name":"Huddersfield"},{"id":"b640161f-e3a4-4444-acc5-7f2d6e020d5f","code":"E14000757","name":"Huntingdon"},{"id":"8dab5b71-3ab9-4959-81cd-c7307c2dee9b","code":"E14000758","name":"Hyndburn"},{"id":"64260f49-4257-4b7c-9cfb-b23eb31b13df","code":"E14000759","name":"Ilford North"},{"id":"6ab67352-a476-4f4b-9864-3bae47de27e8","code":"E14000760","name":"Ilford South"},{"id":"3062fe44-aa51-4904-8abe-ba064043069f","code":"E14000761","name":"Ipswich"},{"id":"f0e4b427-7914-4f6a-b5b3-e900756a0664","code":"E14000762","name":"Isle of Wight"},{"id":"23eb2316-7ccb-4670-ab78-c20b0cc20c79","code":"E14000763","name":"Islington North"},{"id":"3088248a-e635-401e-9a8e-2694c76c4b0f","code":"E14000764","name":"Islington South and Finsbury"},{"id":"400eb8fb-540f-45e7-bee3-363bad0fd617","code":"E14000765","name":"Jarrow"},{"id":"8c3f7a8b-5edc-41a8-885f-9f4cf8a6719c","code":"E14000766","name":"Keighley"},{"id":"1c8505c8-863a-4b46-afec-10a0d821e613","code":"E14000767","name":"Kenilworth and Southam"},{"id":"7f678852-99fa-4ee0-ba2f-12da2ff63192","code":"E14000768","name":"Kensington"},{"id":"8359a1a5-62a3-42f5-bb1c-01e7236515b6","code":"E14000769","name":"Kettering"},{"id":"8835cd1b-14b1-4a6a-a321-db87ba2d2742","code":"E14000770","name":"Kingston and Surbiton"},{"id":"7aa41d6c-5fa8-4e60-9e79-d5b891812f7e","code":"E14000771","name":"Kingston upon Hull East"},{"id":"f857a2fe-64b7-4ab9-aeaa-f7046cea744c","code":"E14000772","name":"Kingston upon Hull North"},{"id":"29bf4155-ebc6-45e8-bbf5-61dc9da71c1e","code":"E14000773","name":"Kingston upon Hull West and Hessle"},{"id":"8d818b43-ccde-47b6-9b5d-016e3a6bb5d0","code":"E14000774","name":"Kingswood"},{"id":"4a4ae3cb-59a3-48cd-8f97-9864ae91fd05","code":"E14000775","name":"Knowsley"},{"id":"c3cb980b-ad54-48e1-bc1c-af3cf14758b2","code":"E14000776","name":"Lancaster and Fleetwood"},{"id":"b7f1f4ff-54d9-4d2d-8130-f0b30af6a977","code":"E14000777","name":"Leeds Central"},{"id":"6faec90b-26c1-43e3-804a-f63938ae28eb","code":"E14000778","name":"Leeds East"},{"id":"ce482f6a-c4a8-490c-bc34-543dca123fdf","code":"E14000779","name":"Leeds North East"},{"id":"9e899b4b-6317-4059-a12b-e3f61225ac3f","code":"E14000780","name":"Leeds North West"},{"id":"336a7e61-d69a-44a3-95fe-3ba8d8a04a92","code":"E14000781","name":"Leeds West"},{"id":"c076da6d-3f1b-4030-a83b-554e4d7a4f8a","code":"E14000782","name":"Leicester East"},{"id":"2d2d4160-ab81-46ea-a1af-b62087a33f64","code":"E14000783","name":"Leicester South"},{"id":"b27f4d93-6d01-4e40-8a67-e8e898eb2958","code":"E14000784","name":"Leicester West"},{"id":"01117828-f2b8-4597-8bda-e32f9384522a","code":"E14000785","name":"Leigh"},{"id":"a431e312-e88d-4630-8e12-10b7d3bdd4d7","code":"E14000786","name":"Lewes"},{"id":"6ffbb973-924c-4bad-8011-e6d9bf325234","code":"E14000787","name":"Lewisham East"},{"id":"99bd9b2f-af79-432d-b222-4dfe0ac8f2cb","code":"E14000788","name":"Lewisham West and Penge"},{"id":"7290219f-97d9-48c2-a2ae-6a18e74a7b30","code":"E14000789","name":"Lewisham, Deptford"},{"id":"e409bd26-3f64-43b3-8fa9-ad2cbac156ff","code":"E14000790","name":"Leyton and Wanstead"},{"id":"d46837eb-32b0-4b62-91bf-a2364ddf5e97","code":"E14000791","name":"Lichfield"},{"id":"d67f76b0-1bf6-4d53-a495-c84c2e5cd2d7","code":"E14000792","name":"Lincoln"},{"id":"0a547d3b-0943-445b-969b-4c1b8ced4b05","code":"E14000793","name":"Liverpool, Riverside"},{"id":"74cfb8b2-f28d-4f4f-9b52-c14680d38951","code":"E14000794","name":"Liverpool, Walton"},{"id":"a5de6942-5013-4cdf-9888-7c8158be39e4","code":"E14000795","name":"Liverpool, Wavertree"},{"id":"993726be-c799-4433-ab86-8d2f0c63bb62","code":"E14000796","name":"Liverpool, West Derby"},{"id":"9a81b66a-de12-44e2-baa0-b6bf917dd411","code":"E14000797","name":"Loughborough"},{"id":"d4743998-8ad6-4e0f-bf2f-7609adbca49a","code":"E14000798","name":"Louth and Horncastle"},{"id":"e15a5fe4-ec2f-49d5-a209-6a6bf1a529c9","code":"E14000799","name":"Ludlow"},{"id":"9ec5fe94-4fa8-4d1f-8135-301d9b54bb5a","code":"E14000800","name":"Luton North"},{"id":"bdca3bae-e36f-4bf6-8070-13d00b6aa9cb","code":"E14000801","name":"Luton South"},{"id":"9f01fa6b-23dc-4180-8704-a9d01edbfb89","code":"E14000802","name":"Macclesfield"},{"id":"a4fc69ad-17a8-4c13-94d0-5e90cd8b186a","code":"E14000803","name":"Maidenhead"},{"id":"7dada245-0c9f-4898-9bf7-f61a2741d934","code":"E14000804","name":"Maidstone and The Weald"},{"id":"37ea1cd1-6b3a-4708-ace0-cc00991cf9a2","code":"E14000805","name":"Makerfield"},{"id":"20b49227-e564-4d0f-853b-8ce376311f5a","code":"E14000806","name":"Maldon"},{"id":"0c060f6d-0317-4a67-9d56-740349a0de7f","code":"E14000807","name":"Manchester Central"},{"id":"7323d766-9582-4ef4-a860-dfdae43effce","code":"E14000808","name":"Manchester, Gorton"},{"id":"d64cbeed-f6a3-489a-ac33-a0917fdfb456","code":"E14000809","name":"Manchester, Withington"},{"id":"f2562f7b-dd00-4017-9682-ba1694075616","code":"E14000810","name":"Mansfield"},{"id":"a1cfca17-d529-491d-a429-8254a8779fba","code":"E14000811","name":"Meon Valley"},{"id":"1d018d63-153c-4e70-9a2e-158f0eb4c310","code":"E14000812","name":"Meriden"},{"id":"0d61aa12-f6c9-4b65-9824-ec95a569fe1e","code":"E14000813","name":"Mid Bedfordshire"},{"id":"6945ae16-94c5-4443-9345-58e353a595b3","code":"E14000814","name":"Mid Derbyshire"},{"id":"7e2d06b6-ebba-4015-9c38-004815965ae1","code":"E14000815","name":"Mid Dorset and North Poole"},{"id":"bb49a208-048a-40db-9a7c-96b1d80ff34f","code":"E14000816","name":"Mid Norfolk"},{"id":"31c4d4aa-9b1d-4988-b553-55ef9359323e","code":"E14000817","name":"Mid Sussex"},{"id":"239c79b3-25f5-4898-b941-352718d27ccd","code":"E14000818","name":"Mid Worcestershire"},{"id":"715419e4-3fb5-498e-97b1-cbdc532f0562","code":"E14000819","name":"Middlesbrough"},{"id":"b9242e6e-7dfd-49e3-8430-c5103c059a2c","code":"E14000820","name":"Middlesbrough South and East Cleveland"},{"id":"ad4de021-f5ab-485e-babb-265052917007","code":"E14000821","name":"Milton Keynes North"},{"id":"0528f7de-6d15-43b8-bd9f-af72dfcc0844","code":"E14000822","name":"Milton Keynes South"},{"id":"c0feec79-0f9c-497b-8639-7ae6eed159c2","code":"E14000823","name":"Mitcham and Morden"},{"id":"9091d8b1-4228-43e6-b593-2c0e9a493002","code":"E14000824","name":"Mole Valley"},{"id":"e908ba28-b931-4f0f-ab92-101209ab250a","code":"E14000825","name":"Morecambe and Lunesdale"},{"id":"f4ee94a2-dde5-4c4b-9646-a7abae917487","code":"E14000826","name":"Morley and Outwood"},{"id":"1c78ffb3-53d3-4088-97f8-9c3424abfee2","code":"E14000827","name":"New Forest East"},{"id":"403fc16e-8e02-42d0-bf3f-d74fb8f7bd68","code":"E14000828","name":"New Forest West"},{"id":"343d0f39-d46f-468f-9be6-631f28a1b4ee","code":"E14000829","name":"Newark"},{"id":"139271e6-d21f-4801-8ebc-6b79f66ea4db","code":"E14000830","name":"Newbury"},{"id":"454c8bb2-d067-4f23-8a52-54c2564cff83","code":"E14000831","name":"Newcastle upon Tyne Central"},{"id":"e3aa52a8-5e1a-468a-b722-f3bf48a0e389","code":"E14000832","name":"Newcastle upon Tyne East"},{"id":"8291b430-0808-4fcf-b19e-c6c3a6c933ff","code":"E14000833","name":"Newcastle upon Tyne North"},{"id":"c09ef3f3-416b-45c5-af77-ba848fb40b44","code":"E14000834","name":"Newcastle-under-Lyme"},{"id":"8c0997ee-0835-4151-a6a7-1c3d4ed55658","code":"E14000835","name":"Newton Abbot"},{"id":"25b7f957-38a1-4ce0-a159-9f317f099318","code":"E14000836","name":"Normanton, Pontefract and Castleford"},{"id":"a15d0355-e078-4fd4-a6ba-d660dbdadab9","code":"E14000837","name":"North Cornwall"},{"id":"12067bea-3eae-4ba7-be5a-e460cdc84e9b","code":"E14000838","name":"North Devon"},{"id":"25ab639f-082b-454e-83b0-dbdcf5894392","code":"E14000839","name":"North Dorset"},{"id":"f38d803f-40b5-49f2-abfc-396d187155c1","code":"E14000840","name":"North Durham"},{"id":"d5a3a087-6fe9-4b37-b516-69b87ed8fe33","code":"E14000841","name":"North East Bedfordshire"},{"id":"51cc5dbc-11f1-4eb5-867c-10aa2ad25618","code":"E14000842","name":"North East Cambridgeshire"},{"id":"991199cc-2c84-4d1b-982c-1360d7c00aa7","code":"E14000843","name":"North East Derbyshire"},{"id":"217b02a0-fd0e-46ab-a849-070dd8807e3d","code":"E14000844","name":"North East Hampshire"},{"id":"b1f3a182-4326-40b4-91f1-cda4d1ac80fb","code":"E14000845","name":"North East Hertfordshire"},{"id":"2e4c6603-788c-46ef-be93-5aa05c6099d2","code":"E14000846","name":"North East Somerset"},{"id":"3ae98c2b-0f5f-4f7f-b4ed-1fd43bbc344d","code":"E14000847","name":"North Herefordshire"},{"id":"bf2d7356-e4b4-46fa-ae5a-3708799b7e8c","code":"E14000848","name":"North Norfolk"},{"id":"8381e957-5958-4ea9-acd2-399b685aa06e","code":"E14000849","name":"North Shropshire"},{"id":"7dd21eac-33b0-4402-bdfa-9cddf411e260","code":"E14000850","name":"North Somerset"},{"id":"9f2ca719-d24d-4586-9efc-4c9898071270","code":"E14000851","name":"North Swindon"},{"id":"ec7c9cf7-155b-4b6f-a1ab-f2fc9788bc28","code":"E14000852","name":"North Thanet"},{"id":"a9283ad9-74c6-45c9-acfa-8faba3e068a9","code":"E14000853","name":"North Tyneside"},{"id":"bd067900-2135-45d6-8a8f-d3749d41be5c","code":"E14000854","name":"North Warwickshire"},{"id":"b9e9e7f9-6016-47ea-b6c9-087df4339928","code":"E14000855","name":"North West Cambridgeshire"},{"id":"507d9f8e-7ae9-4066-9dd9-faff98e6c5af","code":"E14000856","name":"North West Durham"},{"id":"ca8df718-6325-416a-911d-ba547ab5290f","code":"E14000857","name":"North West Hampshire"},{"id":"89a72c67-43e7-44a9-a440-c9d37e8752a0","code":"E14000858","name":"North West Leicestershire"},{"id":"c12193a2-f930-4a86-8272-899d4318760f","code":"E14000859","name":"North West Norfolk"},{"id":"35da604c-4ed6-4e44-8551-582c2e996645","code":"E14000860","name":"North Wiltshire"},{"id":"d240ea76-4e1f-4924-a360-8ed2e67289c4","code":"E14000861","name":"Northampton North"},{"id":"18f2318a-9d66-427e-8b1f-76445d3114fe","code":"E14000862","name":"Northampton South"},{"id":"fa6bf91d-adba-466e-b623-761d40a5d4a0","code":"E14000863","name":"Norwich North"},{"id":"9c2685c9-ffa2-4207-8f1b-e5f4977d92b0","code":"E14000864","name":"Norwich South"},{"id":"36886c5a-e734-4c09-950b-0edbf5bf1602","code":"E14000865","name":"Nottingham East"},{"id":"82be3295-dc35-4e99-8325-8f3147ab36c7","code":"E14000866","name":"Nottingham North"},{"id":"b6eee4de-b858-4af5-9035-08044fc41784","code":"E14000867","name":"Nottingham South"},{"id":"08e7a889-bc11-4b2b-8ace-bc5b607e80a2","code":"E14000868","name":"Nuneaton"},{"id":"b8b20ce3-f8c4-44fb-8af6-2fe3c988861a","code":"E14000869","name":"Old Bexley and Sidcup"},{"id":"65c8db4b-94c0-44f7-b2ac-ac5d86f141bd","code":"E14000870","name":"Oldham East and Saddleworth"},{"id":"40373c54-d93a-478e-b0bf-8f2288c1c7eb","code":"E14000871","name":"Oldham West and Royton"},{"id":"87c2da53-edef-4958-8e09-c37cb196f8d2","code":"E14000872","name":"Orpington"},{"id":"bfbb9fcd-37ba-44be-a293-0b00a81d22ac","code":"E14000873","name":"Oxford East"},{"id":"cc610022-b820-4f24-b307-64a98f1c9b4e","code":"E14000874","name":"Oxford West and Abingdon"},{"id":"d15145cf-17a0-4806-897b-9551155919c3","code":"E14000875","name":"Pendle"},{"id":"8824e202-3a8c-48da-b007-b619cf1d8561","code":"E14000876","name":"Penistone and Stocksbridge"},{"id":"451225f4-f21f-469f-a5e1-cc982d53f68a","code":"E14000877","name":"Penrith and The Border"},{"id":"3a0f5e96-23cc-4c12-ae33-dcf11e33d114","code":"E14000878","name":"Peterborough"},{"id":"4772876a-812b-4bb0-9f50-00beaa9074a7","code":"E14000879","name":"Plymouth, Moor View"},{"id":"91712f37-5776-4318-acd0-29cb6af66544","code":"E14000880","name":"Plymouth, Sutton and Devonport"},{"id":"e4b9f049-2756-44d1-a37a-62cc54308dce","code":"E14000881","name":"Poole"},{"id":"a64420f7-8eeb-429c-900c-0d935253a32f","code":"E14000882","name":"Poplar and Limehouse"},{"id":"ef3f63d3-f452-4ce5-becc-b7ddc81d34f5","code":"E14000883","name":"Portsmouth North"},{"id":"a1dd1d0b-61d7-4e3b-986c-1c6cab30ccc6","code":"E14000884","name":"Portsmouth South"},{"id":"36de98d1-03ff-47d7-8782-59c3bbdb8031","code":"E14000885","name":"Preston"},{"id":"dee05ec3-1195-4dc8-9c23-fb491d09dfe3","code":"E14000886","name":"Pudsey"},{"id":"20adbe54-b110-48df-862e-b2c7171b6a8f","code":"E14000887","name":"Putney"},{"id":"39d3de4b-306a-46f7-aee8-4445bec52f15","code":"E14000888","name":"Rayleigh and Wickford"},{"id":"722a59d7-2059-4f40-9c0c-449f6d3412e5","code":"E14000889","name":"Reading East"},{"id":"e38bf9ed-cbd9-482d-a7ef-732d1873eb64","code":"E14000890","name":"Reading West"},{"id":"ba8c900e-a1a8-4e95-aa04-62bb30668937","code":"E14000891","name":"Redcar"},{"id":"affae809-a0c9-4fd6-8968-37a2c94c0f8e","code":"E14000892","name":"Redditch"},{"id":"16d028f2-dec3-4f94-8a34-6bd46a8e9bab","code":"E14000893","name":"Reigate"},{"id":"a9b69f33-199e-4a08-87d5-e97b2cca8a2f","code":"E14000894","name":"Ribble Valley"},{"id":"d2aacd3f-fb97-4e19-9dc6-bf452e2fa951","code":"E14000895","name":"Richmond (Yorks)"},{"id":"d60df1ee-de8f-4805-b501-b24b984a05f7","code":"E14000896","name":"Richmond Park"},{"id":"69dcb11a-a9e3-4494-8f0b-0e24dd63abf6","code":"E14000897","name":"Rochdale"},{"id":"8c4bf6e3-65c5-4db5-8d38-75acd2e94ac2","code":"E14000898","name":"Rochester and Strood"},{"id":"b217137c-2fe6-4d21-b749-dc4b432eecc1","code":"E14000899","name":"Rochford and Southend East"},{"id":"5a0f2639-ba71-410d-8f17-a83a3b2624fb","code":"E14000900","name":"Romford"},{"id":"fd0685f5-32a7-4723-8b9f-09e587188a6e","code":"E14000901","name":"Romsey and Southampton North"},{"id":"c4502e33-0234-4c83-a360-69025fe5b68b","code":"E14000902","name":"Rossendale and Darwen"},{"id":"c6f8f125-af6b-4dc0-af40-96c988b917f4","code":"E14000903","name":"Rother Valley"},{"id":"05613349-d4c0-43de-b36e-7310d93fe8df","code":"E14000904","name":"Rotherham"},{"id":"386ed48b-6dc0-472c-b094-3819bb18a229","code":"E14000905","name":"Rugby"},{"id":"d177178c-18df-42d5-a777-938c8bb8a310","code":"E14000906","name":"Ruislip, Northwood and Pinner"},{"id":"976f9955-63d8-4f24-8f5e-55086a805ad0","code":"E14000907","name":"Runnymede and Weybridge"},{"id":"c595e4fe-3d6f-4ac5-ae62-edaad5a80b1d","code":"E14000908","name":"Rushcliffe"},{"id":"1ea811b5-3b26-474a-ac6a-4b7509a859c0","code":"E14000909","name":"Rutland and Melton"},{"id":"90d13a9a-9da1-4c52-bc5a-6e7ce2af403d","code":"E14000910","name":"Saffron Walden"},{"id":"a80af6c2-e15e-4d17-bf2b-1d4f8c56f2b3","code":"E14000911","name":"Salford and Eccles"},{"id":"7599f646-0f9b-4da9-8711-c8c91bc16a27","code":"E14000912","name":"Salisbury"},{"id":"e3a9e518-9854-45a2-9fee-c4c6ba42df37","code":"E14000913","name":"Scarborough and Whitby"},{"id":"42a243ed-a905-46fd-8666-ee8ad46d3e5d","code":"E14000914","name":"Scunthorpe"},{"id":"656024a0-188a-45bb-89f0-f1849e237ebf","code":"E14000915","name":"Sedgefield"},{"id":"956905c0-88e0-48e2-9e31-ebdd3c2285f9","code":"E14000916","name":"Sefton Central"},{"id":"6d1297d7-3e65-41c2-815c-a20ba49b1ec3","code":"E14000917","name":"Selby and Ainsty"},{"id":"7acdabe0-6d9b-4775-9f3e-d8f9c2682740","code":"E14000918","name":"Sevenoaks"},{"id":"3340a2b5-6a54-4e5d-8fcf-03fdfd7f36f2","code":"E14000919","name":"Sheffield Central"},{"id":"fe451ef3-dc60-4701-80df-755454eca5e8","code":"E14000920","name":"Sheffield South East"},{"id":"5c4eaf94-2ae3-41d9-a490-a27d7c82e8d3","code":"E14000921","name":"Sheffield, Brightside and Hillsborough"},{"id":"b8695b15-e80e-4e9d-8e29-fdebe4935114","code":"E14000922","name":"Sheffield, Hallam"},{"id":"ee052a05-6134-46f9-979a-3c364c9e52c1","code":"E14000923","name":"Sheffield, Heeley"},{"id":"de5c45c2-493a-46a4-8296-d559bf44a32f","code":"E14000924","name":"Sherwood"},{"id":"70434b28-4aed-45ed-9d9d-153b8c3e7d56","code":"E14000925","name":"Shipley"},{"id":"a021c6bc-342f-48fd-a46e-19e78b395d66","code":"E14000926","name":"Shrewsbury and Atcham"},{"id":"19d1c83a-74c6-4ef2-857a-d992c00bcb25","code":"E14000927","name":"Sittingbourne and Sheppey"},{"id":"d7cb26d4-564d-41a6-87b3-d457e1807b3d","code":"E14000928","name":"Skipton and Ripon"},{"id":"c2e49228-ebd2-47ef-a7fd-3c3757e682b1","code":"E14000929","name":"Sleaford and North Hykeham"},{"id":"1fbe0813-e915-458e-acd5-e3896223605e","code":"E14000930","name":"Slough"},{"id":"608d3518-74cc-49dd-b8cd-49fabefe06bc","code":"E14000931","name":"Solihull"},{"id":"b8c8f7aa-a08f-4831-ad70-3d11890e35ec","code":"E14000932","name":"Somerton and Frome"},{"id":"df8b9f79-7d6c-436e-8de3-d05baea496ae","code":"E14000933","name":"South Basildon and East Thurrock"},{"id":"5c8da565-e633-4894-b515-d81846d7db81","code":"E14000934","name":"South Cambridgeshire"},{"id":"89ee678a-e432-40bd-ab52-cff2e127ba4c","code":"E14000935","name":"South Derbyshire"},{"id":"45294e8b-d91b-4ba1-8e4c-180c3c84288b","code":"E14000936","name":"South Dorset"},{"id":"763f263a-8916-4e9b-9146-64ee48eecc8a","code":"E14000937","name":"South East Cambridgeshire"},{"id":"e1a7de17-97ca-4106-a037-ad6c281da6e3","code":"E14000938","name":"South East Cornwall"},{"id":"66df0e45-b59a-4c8c-8ca2-11a458065094","code":"E14000939","name":"South Holland and The Deepings"},{"id":"d997d214-460f-4d08-ab67-5f8ebb7fe8e3","code":"E14000940","name":"South Leicestershire"},{"id":"089a9ac5-7c20-4f70-93f9-02d254737b2e","code":"E14000941","name":"South Norfolk"},{"id":"9e3cdb4c-b89d-4b5b-869a-8009e41ef688","code":"E14000942","name":"South Northamptonshire"},{"id":"9dd03772-9101-4637-af19-837743464ec2","code":"E14000943","name":"South Ribble"},{"id":"08f8b447-b267-4957-bf9c-878718a09385","code":"E14000944","name":"South Shields"},{"id":"3a8cdaf2-15e5-41d3-95cd-888767d5bfdd","code":"E14000945","name":"South Staffordshire"},{"id":"e3228565-75e9-417e-a3fb-b294da9bf2a7","code":"E14000946","name":"South Suffolk"},{"id":"bbbe39f1-6e82-4210-9c00-a5d266129a64","code":"E14000947","name":"South Swindon"},{"id":"655e7437-3f20-4ed5-b31f-ed66f1b8ad4f","code":"E14000948","name":"South Thanet"},{"id":"ad516705-479f-42ac-90cc-057beca66c2f","code":"E14000949","name":"South West Bedfordshire"},{"id":"6326a615-054c-4a7a-bf0b-c2043a587f6b","code":"E14000950","name":"South West Devon"},{"id":"3bb64617-d8cf-49e7-ba93-3454fc90bbb9","code":"E14000951","name":"South West Hertfordshire"},{"id":"5a1f2a89-9074-4888-8a52-e6e520c3d9a1","code":"E14000952","name":"South West Norfolk"},{"id":"ccf089f0-1b08-4aea-ae8c-0a05042ae0cc","code":"E14000953","name":"South West Surrey"},{"id":"4d585d35-b5a4-43fe-9fe7-080f5030ca7e","code":"E14000954","name":"South West Wiltshire"},{"id":"a2b2cdd4-4293-47e6-a532-612d5f4b97e5","code":"E14000955","name":"Southampton, Itchen"},{"id":"deb7a929-07c6-4845-8fcd-4f7e8415b060","code":"E14000956","name":"Southampton, Test"},{"id":"276cebcb-5063-419e-9ced-644c818df4a7","code":"E14000957","name":"Southend West"},{"id":"83e17d54-87b4-4a25-900c-d04616315ec1","code":"E14000958","name":"Southport"},{"id":"3d667086-d5ae-4862-9f5e-050ce55332d1","code":"E14000959","name":"Spelthorne"},{"id":"91ed4490-0bdb-4609-9eec-f1a50170b70e","code":"E14000960","name":"St Albans"},{"id":"6215cad6-b552-4841-832a-31821c1eba62","code":"E14000961","name":"St Austell and Newquay"},{"id":"cf127b74-d8f7-4ccf-96da-2129fdfca45d","code":"E14000962","name":"St Helens North"},{"id":"5bca707d-df25-4cbc-9c2d-7f3a6f9ef127","code":"E14000963","name":"St Helens South and Whiston"},{"id":"acf26046-3b4d-4c0d-9539-564f1f781339","code":"E14000964","name":"St Ives"},{"id":"d0f4ad8a-7de6-458a-b56b-ff7c51d68982","code":"E14000965","name":"Stafford"},{"id":"15afef44-4a41-4227-9714-1f491c62c0ea","code":"E14000966","name":"Staffordshire Moorlands"},{"id":"365697b6-734f-44a8-9c00-a99ab17ffe9c","code":"E14000967","name":"Stalybridge and Hyde"},{"id":"a8e29325-c7f8-46f6-aa94-2c4d175338a3","code":"E14000968","name":"Stevenage"},{"id":"04917c4b-9ae2-4293-80f8-5ceedab2f19e","code":"E14000969","name":"Stockport"},{"id":"56a0ba74-3e83-4b2c-b0e6-46217eb4f8a2","code":"E14000970","name":"Stockton North"},{"id":"a7d70602-25b8-4420-9bfb-154b69390fda","code":"E14000971","name":"Stockton South"},{"id":"478d4c6c-b8a5-4d20-b419-de04744106e0","code":"E14000972","name":"Stoke-on-Trent Central"},{"id":"2c5fadd1-e382-473c-b4b4-cdfbeadb75f8","code":"E14000973","name":"Stoke-on-Trent North"},{"id":"a5a4d57f-3460-4db7-bc64-ececba007fd0","code":"E14000974","name":"Stoke-on-Trent South"},{"id":"0129f3ee-d42e-42dd-9894-ea131d8d07a8","code":"E14000975","name":"Stone"},{"id":"8636f369-8845-434a-a4f8-e34c4d2f7bf2","code":"E14000976","name":"Stourbridge"},{"id":"629812d4-7f2b-4cf8-851e-feca44545881","code":"E14000977","name":"Stratford-on-Avon"},{"id":"b9cbbd0e-1107-48bd-99e8-d37eb040487b","code":"E14000978","name":"Streatham"},{"id":"1bdc2577-34bc-4d41-9504-348f664a87e1","code":"E14000979","name":"Stretford and Urmston"},{"id":"f62cff0f-ae13-4118-83e7-64b48788bca9","code":"E14000980","name":"Stroud"},{"id":"e07c8a0a-51d6-42d7-a77c-5e97826750fd","code":"E14000981","name":"Suffolk Coastal"},{"id":"89c4f5c8-325d-43c4-bbe0-881909c0a13c","code":"E14000982","name":"Sunderland Central"},{"id":"e0895ee2-dbdd-400d-9ae7-7022fbeefeff","code":"E14000983","name":"Surrey Heath"},{"id":"77df4bad-4b02-4494-9608-64f532e4e4d4","code":"E14000984","name":"Sutton and Cheam"},{"id":"e3b8491d-de7b-4539-a9e8-3fc4d16e27d0","code":"E14000985","name":"Sutton Coldfield"},{"id":"3efda7f7-cb06-463e-97fa-af1d3c1e7aae","code":"E14000986","name":"Tamworth"},{"id":"5e2906aa-d01d-46dc-b177-9ca711233180","code":"E14000987","name":"Tatton"},{"id":"11b5676c-eae6-447a-b1eb-00056fe96628","code":"E14000988","name":"Taunton Deane"},{"id":"7d7013b5-2e1e-478e-a1f9-809a22713a70","code":"E14000989","name":"Telford"},{"id":"74b8c593-0b01-4b59-b0ad-983d6935810a","code":"E14000990","name":"Tewkesbury"},{"id":"75886e70-7441-49c1-9ea0-eaddf87dec71","code":"E14000991","name":"The Cotswolds"},{"id":"af45c32b-a420-49f0-902d-812a58f8eec3","code":"E14000992","name":"The Wrekin"},{"id":"17839039-7ea8-44a9-bf72-6c1e202d7caa","code":"E14000993","name":"Thirsk and Malton"},{"id":"fd1a222b-c49b-4115-8e94-c4e37050eaf0","code":"E14000994","name":"Thornbury and Yate"},{"id":"65e2bca8-d6b9-40d6-bcb2-33c3809197da","code":"E14000995","name":"Thurrock"},{"id":"e6052890-42e6-4eaf-95cb-5352a7de7172","code":"E14000996","name":"Tiverton and Honiton"},{"id":"22a3d310-2dc5-430c-893e-369af7db557f","code":"E14000997","name":"Tonbridge and Malling"},{"id":"ba92a681-08a1-4fb0-839d-5335f8f58c14","code":"E14000998","name":"Tooting"},{"id":"5ab9aca6-6d90-42ff-878e-7e33a380aeee","code":"E14000999","name":"Torbay"},{"id":"f96656be-1456-4984-8ce7-97dfe7d66289","code":"E14001000","name":"Torridge and West Devon"},{"id":"1ff27ae6-a36d-45b1-81ee-4cb0c9b198e3","code":"E14001001","name":"Totnes"},{"id":"9ddcf13a-1524-436f-b917-fdddfc4c3a3f","code":"E14001002","name":"Tottenham"},{"id":"46825706-907e-43d3-9846-8ce282d051c1","code":"E14001003","name":"Truro and Falmouth"},{"id":"5fe37526-0e5e-4ab4-ac7a-488c2de23bab","code":"E14001004","name":"Tunbridge Wells"},{"id":"d7666bc9-9cef-4aef-a5da-9db959981bbd","code":"E14001005","name":"Twickenham"},{"id":"fe5cf0c9-842f-4b02-b0c4-ab2eb0efa7fe","code":"E14001006","name":"Tynemouth"},{"id":"77eca1d0-9fac-4e22-8511-d0cff605f02c","code":"E14001007","name":"Uxbridge and South Ruislip"},{"id":"0f0ae96c-bba8-43a0-8ff1-dc126070b899","code":"E14001008","name":"Vauxhall"},{"id":"e1edb0ff-020e-40ea-8072-c2ac8245aad7","code":"E14001009","name":"Wakefield"},{"id":"95caf28e-ebaf-42e1-880b-d29188e510aa","code":"E14001010","name":"Wallasey"},{"id":"2ba37d26-1ba3-4dcc-8fbe-2fd8afaa4715","code":"E14001011","name":"Walsall North"},{"id":"e3795d66-80e3-4be9-9bf8-910f1cd629e3","code":"E14001012","name":"Walsall South"},{"id":"f3fd38b8-5267-4990-9e9b-f3788e0fefb3","code":"E14001013","name":"Walthamstow"},{"id":"ffed9328-cf29-45e0-8b6c-db96d1bcf6b5","code":"E14001014","name":"Wansbeck"},{"id":"f0b20c84-4ed1-42a9-ab14-5f0314556440","code":"E14001015","name":"Wantage"},{"id":"4a2483db-b3e6-4c6e-9f26-f1291a87c5d1","code":"E14001016","name":"Warley"},{"id":"5a029d6c-6ab6-440a-ab09-0bb38964d120","code":"E14001017","name":"Warrington North"},{"id":"11a79fd0-0df4-4d92-bd94-80f365f9b615","code":"E14001018","name":"Warrington South"},{"id":"dafbc82f-e6a5-40e3-aed6-2cb861bbe919","code":"E14001019","name":"Warwick and Leamington"},{"id":"bf48cfba-acee-4fa7-a513-05103f6ff642","code":"E14001020","name":"Washington and Sunderland West"},{"id":"00d0fe69-678b-42e8-ade2-d2b5135f2c94","code":"E14001021","name":"Watford"},{"id":"a079ab06-5cc4-4eec-89c2-9c1ee73dfc8f","code":"E14001022","name":"Waveney"},{"id":"29c3014b-4901-47a9-934e-893d0b468ec1","code":"E14001023","name":"Wealden"},{"id":"bedcac00-0e93-4f92-b0c5-d5b761455736","code":"E14001024","name":"Weaver Vale"},{"id":"3314a5c1-4b1d-47d1-af0b-046a195b1053","code":"E14001025","name":"Wellingborough"},{"id":"b67ed142-62fd-40c9-bce4-203d684cccb6","code":"E14001026","name":"Wells"},{"id":"26398536-7404-4e06-8f04-38b6727e7f1d","code":"E14001027","name":"Welwyn Hatfield"},{"id":"bfc0a6e8-0ad3-434b-b281-7a38d60f01e4","code":"E14001028","name":"Wentworth and Dearne"},{"id":"9d421162-0553-4c91-8782-6ee7d141a13f","code":"E14001029","name":"West Bromwich East"},{"id":"30446281-43a7-4d82-9160-2cb341f61ca1","code":"E14001030","name":"West Bromwich West"},{"id":"033b5cfb-1b04-40b7-ba8a-81fcbc66070e","code":"E14001031","name":"West Dorset"},{"id":"481132ae-e962-4661-8e4a-7cae7c202b4e","code":"E14001032","name":"West Ham"},{"id":"88c154f5-708d-453b-891a-5352f4686730","code":"E14001033","name":"West Lancashire"},{"id":"8d1cbe59-32e3-4ef0-9d4a-6075889b5b9a","code":"E14001034","name":"West Suffolk"},{"id":"cc2632c0-e162-4236-94c3-ac452392bc07","code":"E14001035","name":"West Worcestershire"},{"id":"ac0bda10-2b64-4e02-ba67-794ae0de923e","code":"E14001036","name":"Westminster North"},{"id":"d29c7f58-ea46-4604-8e2a-62fdcfdb1f7e","code":"E14001037","name":"Westmorland and Lonsdale"},{"id":"f9bb936f-86a8-4b9f-8bdf-5e867f533967","code":"E14001038","name":"Weston-Super-Mare"},{"id":"b5fe8cc4-59a3-4fde-98a7-9897d545ada7","code":"E14001039","name":"Wigan"},{"id":"d70d9db2-054b-4d65-b734-90070708cf80","code":"E14001040","name":"Wimbledon"},{"id":"92668c01-5fc0-4f4c-9c32-614eb72875a5","code":"E14001041","name":"Winchester"},{"id":"d2cb6fd3-4830-47bd-a591-cc3441cf113b","code":"E14001042","name":"Windsor"},{"id":"c7e31040-868a-4f1b-b672-7221e4221f3c","code":"E14001043","name":"Wirral South"},{"id":"18e6797f-aa8f-435e-8836-f7dd62bc34ba","code":"E14001044","name":"Wirral West"},{"id":"805b5850-8a65-4851-8558-1e9d61c8c9be","code":"E14001045","name":"Witham"},{"id":"5e00c34c-5602-4286-9978-0aee933ea01f","code":"E14001046","name":"Witney"},{"id":"4a7c5ce5-b2f0-46dd-ab03-367b9b53d09c","code":"E14001047","name":"Woking"},{"id":"43517d6e-24be-4c08-a446-dd3c754efb40","code":"E14001048","name":"Wokingham"},{"id":"1d75cc5b-ee1c-41fb-ba31-972c2dd84ea4","code":"E14001049","name":"Wolverhampton North East"},{"id":"0176b46b-cf87-4400-9520-ba50fd5f770b","code":"E14001050","name":"Wolverhampton South East"},{"id":"95971391-e8e9-4cde-ad4c-b6dd0c868120","code":"E14001051","name":"Wolverhampton South West"},{"id":"0f21b78d-8e30-4906-8581-0e26600a8df0","code":"E14001052","name":"Worcester"},{"id":"efbdf3b7-f58c-4069-b337-9adda34cd084","code":"E14001053","name":"Workington"},{"id":"f9e5e0d0-a4c6-4b6d-8a6b-d428f242ac99","code":"E14001054","name":"Worsley and Eccles South"},{"id":"9f2dc006-b13a-4c0f-a4b2-13575e1d5914","code":"E14001055","name":"Worthing West"},{"id":"ecb318a2-4629-4003-bcc3-2bedceaa5fc7","code":"E14001056","name":"Wycombe"},{"id":"19cf61bd-ba4a-41e5-82f9-058f8b0985fe","code":"E14001057","name":"Wyre and Preston North"},{"id":"398ac6fb-3b6b-496c-9d40-22b93a75ef98","code":"E14001058","name":"Wyre Forest"},{"id":"ceb95d15-5d3a-4a71-88f6-8bf5fdd4811f","code":"E14001059","name":"Wythenshawe and Sale East"},{"id":"30576a81-ab2f-4244-b966-9cea460cb923","code":"E14001060","name":"Yeovil"},{"id":"9b4a4f95-b0ad-48f9-9cf5-1a5356c3c2a0","code":"E14001061","name":"York Central"},{"id":"6abbc838-5b53-4498-86d8-7d3ee302804a","code":"E14001062","name":"York Outer"},{"id":"d632b519-bd78-4fd7-aa07-adf445311aa7","code":"N06000001","name":"Belfast East"},{"id":"bb7fd82b-213d-400b-872a-95156117ce5d","code":"N06000002","name":"Belfast North"},{"id":"130d1301-ea6a-4b2f-bde3-630c20eb9399","code":"N06000003","name":"Belfast South"},{"id":"e633aee3-7e07-4362-bb59-67e03400ca24","code":"N06000004","name":"Belfast West"},{"id":"e992909d-2aee-4ea4-ac4e-aa7a349bb5bd","code":"N06000005","name":"East Antrim"},{"id":"0ecbca95-c7c7-4a7b-b0a8-edc8fa0abc1f","code":"N06000006","name":"East Londonderry"},{"id":"38db924c-45e3-4acb-9129-e2717669950d","code":"N06000007","name":"Fermanagh and South Tyrone"},{"id":"6b8182ed-1262-4ac4-8fa0-b8a578cf14ef","code":"N06000008","name":"Foyle"},{"id":"c54a4c8b-f583-41d3-b5a7-50723530529d","code":"N06000009","name":"Lagan Valley"},{"id":"3deea195-d184-44bb-aa03-2288834bcc64","code":"N06000010","name":"Mid Ulster"},{"id":"d543b6dd-d255-45d1-b271-20212e0a245a","code":"N06000011","name":"Newry and Armagh"},{"id":"75e5a6f7-6bc1-4baf-aa38-6d2ae22ee36d","code":"N06000012","name":"North Antrim"},{"id":"27447928-4ee6-45ba-9c40-afdd50c85177","code":"N06000013","name":"North Down"},{"id":"f3a23e7f-972d-4e9f-b815-4fbec451e3b5","code":"N06000014","name":"South Antrim"},{"id":"d33c1ea2-b3ff-4afe-87f1-e59a6ab875b6","code":"N06000015","name":"South Down"},{"id":"13e49612-4d04-4ed1-8333-d2d12b4092ad","code":"N06000016","name":"Strangford"},{"id":"21c7369b-f283-4db3-904a-c3fb4b6fe3f3","code":"N06000017","name":"Upper Bann"},{"id":"c6aefc4c-1751-4602-af08-ccdccda12bc3","code":"N06000018","name":"West Tyrone"},{"id":"9dc60d51-77ca-4e47-9fc0-963b642b170d","code":"S14000001","name":"Aberdeen North"},{"id":"f9f0a0b2-5420-4310-9067-cbe4a0858827","code":"S14000002","name":"Aberdeen South"},{"id":"0b498f97-bee3-46c8-9e06-0208820e8417","code":"S14000003","name":"Airdrie and Shotts"},{"id":"4ca22c16-62da-423b-a428-b33a1ae11231","code":"S14000004","name":"Angus"},{"id":"cca0850f-42ce-439c-ad8a-0aed27c06b75","code":"S14000005","name":"Argyll and Bute"},{"id":"6f22d269-3cac-4cad-b5a3-27731375e91b","code":"S14000006","name":"Ayr, Carrick and Cumnock"},{"id":"ba226439-d2dc-4a77-bc7e-a12b9bbf50e7","code":"S14000007","name":"Banff and Buchan"},{"id":"27dd9064-b610-47df-a5d4-e3572d72f201","code":"S14000008","name":"Berwickshire, Roxburgh and Selkirk"},{"id":"71e83f51-fc61-4a25-bd13-169ac09d806d","code":"S14000009","name":"Caithness, Sutherland and Easter Ross"},{"id":"60a54654-ca59-4ee7-834e-58dc0914eaa3","code":"S14000010","name":"Central Ayrshire"},{"id":"02dfbc41-5476-4d87-9929-9961aea227f2","code":"S14000011","name":"Coatbridge, Chryston and Bellshill"},{"id":"58d665f8-1fc6-49cf-90bf-8fe535797294","code":"S14000012","name":"Cumbernauld, Kilsyth and Kirkintilloch East"},{"id":"7e22e5b6-198f-4f0d-bc7c-434878e7f874","code":"S14000013","name":"Dumfries and Galloway"},{"id":"12ff4bbd-317e-45c9-b775-72f1da674c8d","code":"S14000014","name":"Dumfriesshire, Clydesdale and Tweeddale"},{"id":"08b58258-cc7b-4ee5-bd93-25e07698d928","code":"S14000015","name":"Dundee East"},{"id":"cf232c52-2e4d-4cb2-8e7c-6f86f8c2fe46","code":"S14000016","name":"Dundee West"},{"id":"898c4787-3d10-4feb-b78a-7273a6089d2a","code":"S14000017","name":"Dunfermline and West Fife"},{"id":"70b0041b-ccaa-499d-b858-5e9ea5b881b0","code":"S14000018","name":"East Dunbartonshire"},{"id":"89a6805c-52ea-49d4-b6a4-e26f6e0943e9","code":"S14000019","name":"East Kilbride, Strathaven and Lesmahagow"},{"id":"12a3458e-845c-45dc-9a81-059422e66015","code":"S14000020","name":"East Lothian"},{"id":"9829b145-8d22-4883-a2f7-1e2428530bd6","code":"S14000021","name":"East Renfrewshire"},{"id":"2202f9f6-f8cf-4543-8576-183f15bcca86","code":"S14000022","name":"Edinburgh East"},{"id":"05a11f32-6eb2-4b73-9470-4fd969962be2","code":"S14000023","name":"Edinburgh North and Leith"},{"id":"05651a31-a0b0-48a0-9f24-030305bb5c22","code":"S14000024","name":"Edinburgh South"},{"id":"f26bfc8a-0de4-43fd-82fe-be41fe42e3b5","code":"S14000025","name":"Edinburgh South West"},{"id":"0436ecff-eddf-4177-9ee9-4462344a9b13","code":"S14000026","name":"Edinburgh West"},{"id":"a4021a1e-d708-4781-833b-213c010f8f2a","code":"S14000027","name":"Na h-Eileanan an Iar"},{"id":"2a2942b3-47ef-4126-ad23-b79084991930","code":"S14000028","name":"Falkirk"},{"id":"bd9af771-646d-42d4-add4-d19494e88f38","code":"S14000029","name":"Glasgow Central"},{"id":"5ad6daad-bdce-412e-a88d-83b6174201c0","code":"S14000030","name":"Glasgow East"},{"id":"c207993c-e7f8-4822-81ef-14a3e94db422","code":"S14000031","name":"Glasgow North"},{"id":"b3cf535c-acf8-48dd-b2ef-824324123a2a","code":"S14000032","name":"Glasgow North East"},{"id":"805ce494-3a7a-46ca-936f-980f9cdb7d8f","code":"S14000033","name":"Glasgow North West"},{"id":"13e7fe7e-1488-4608-bb88-45731fcf2052","code":"S14000034","name":"Glasgow South"},{"id":"d126959b-4c45-41af-bf87-a70e48112f65","code":"S14000035","name":"Glasgow South West"},{"id":"0dc69991-f96f-46b6-aa11-4658c97c4631","code":"S14000036","name":"Glenrothes"},{"id":"299a4727-ae1b-42dc-85b0-4604f051c51c","code":"S14000037","name":"Gordon"},{"id":"eb8b4d9f-cb10-4aa3-83e5-f77da7a1755b","code":"S14000038","name":"Inverclyde"},{"id":"59bef9fc-da21-4067-8449-b4656a4d2c49","code":"S14000039","name":"Inverness, Nairn, Badenoch and Strathspey"},{"id":"be005ae1-c2fe-45bc-9e0f-981069099f79","code":"S14000040","name":"Kilmarnock and Loudoun"},{"id":"18ad13bf-9495-4076-a15e-bb1b72cb4d91","code":"S14000041","name":"Kirkcaldy and Cowdenbeath"},{"id":"ae8489f2-9990-4009-9b65-0aff21056e38","code":"S14000042","name":"Lanark and Hamilton East"},{"id":"959ea228-ecdc-4a1e-855d-b1a416c1c7fe","code":"S14000043","name":"Linlithgow and East Falkirk"},{"id":"0d7ded37-b330-4f4c-91ce-3a47f4db5d75","code":"S14000044","name":"Livingston"},{"id":"7750f24a-2965-49b7-b940-6d1d7fcf92f8","code":"S14000045","name":"Midlothian"},{"id":"4991f08b-1938-419b-a6d9-cdb5bcdc4215","code":"S14000046","name":"Moray"},{"id":"92472b38-5d68-4cbc-a4ad-f238f2d32a55","code":"S14000047","name":"Motherwell and Wishaw"},{"id":"f1e82281-a623-4095-85f8-baf0ad848b97","code":"S14000048","name":"North Ayrshire and Arran"},{"id":"7050f001-9ea8-4552-a31c-8f639f923ae4","code":"S14000049","name":"North East Fife"},{"id":"282cc68a-3cf4-482d-888d-7099efb174f1","code":"S14000050","name":"Ochil and South Perthshire"},{"id":"e9122a70-64e2-48ec-ad9c-7690b8445e74","code":"S14000051","name":"Orkney and Shetland"},{"id":"dd7cae45-bb0a-463a-9125-15185a9fb17f","code":"S14000052","name":"Paisley and Renfrewshire North"},{"id":"05e1cf94-6e7a-42ed-a34c-52ca6cc6ade2","code":"S14000053","name":"Paisley and Renfrewshire South"},{"id":"010ce2a7-de45-4c83-8201-5894989e2ad1","code":"S14000054","name":"Perth and North Perthshire"},{"id":"e10d73df-75c7-4c76-bba2-e2388f9e1fcc","code":"S14000055","name":"Ross, Skye and Lochaber"},{"id":"8c0105e6-2498-4768-87db-b41d13977157","code":"S14000056","name":"Rutherglen and Hamilton West"},{"id":"d8e5a403-a918-4b3c-aea8-c2603d7ca545","code":"S14000057","name":"Stirling"},{"id":"114bf9c0-2e76-44a2-9895-d1f97c261d77","code":"S14000058","name":"West Aberdeenshire and Kincardine"},{"id":"18b4e29a-087b-48b3-ac00-f5ffe1250437","code":"S14000059","name":"West Dunbartonshire"},{"id":"56eb2b63-8473-4bb4-8cad-b81f917fd05c","code":"W07000041","name":"Ynys Mn"},{"id":"43ad066d-402a-4cbc-9577-77ea1523033b","code":"W07000042","name":"Delyn"},{"id":"478b9217-0642-4a63-a215-81772bb4cf37","code":"W07000043","name":"Alyn and Deeside"},{"id":"a1289de0-f7a8-4c41-80b3-0c9510f71b42","code":"W07000044","name":"Wrexham"},{"id":"eeb80ae1-3a96-4c55-a382-e5d292382ba7","code":"W07000045","name":"Llanelli"},{"id":"8fb73b0d-99cd-49ab-be10-8a18dba7d493","code":"W07000046","name":"Gower"},{"id":"6ecafe7a-c0c7-49cf-b8dd-b9b3f6397d14","code":"W07000047","name":"Swansea West"},{"id":"000d64ca-f41e-4d72-b17d-8ceae33a6acc","code":"W07000048","name":"Swansea East"},{"id":"4a161a79-a5bb-4cf0-9b09-a710def1c8ba","code":"W07000049","name":"Aberavon"},{"id":"cb8cd723-db3e-4236-a1b8-799ce722481e","code":"W07000050","name":"Cardiff Central"},{"id":"3f9fc86c-f41b-4b74-80cd-e67ba0b76286","code":"W07000051","name":"Cardiff North"},{"id":"e95d6be2-e1aa-47e5-9bcb-b96162ba0173","code":"W07000052","name":"Rhondda"},{"id":"77b2a312-aa17-4be1-9926-7a67a9140734","code":"W07000053","name":"Torfaen"},{"id":"6fda43c2-cc66-49b8-88d0-e50595c233e3","code":"W07000054","name":"Monmouth"},{"id":"e262b9e2-8319-4e20-b879-36e7b37df0d3","code":"W07000055","name":"Newport East"},{"id":"e37c28f2-b408-4934-8466-68905e6c37f3","code":"W07000056","name":"Newport West"},{"id":"e3b00ea6-82ec-479d-aa7e-0bdead84a58d","code":"W07000057","name":"Arfon"},{"id":"3a1bccf1-6463-448b-8251-c8f5fb45da2b","code":"W07000058","name":"Aberconwy"},{"id":"a463e2db-9477-4b1a-aa08-69730a9e2e6c","code":"W07000059","name":"Clwyd West"},{"id":"262a193e-3632-45eb-8ac5-6b4ae76e885e","code":"W07000060","name":"Vale of Clwyd"},{"id":"3e7606dd-1235-4fe5-ae8b-d895a890453e","code":"W07000061","name":"Dwyfor Meirionnydd"},{"id":"d5d85c38-7638-4102-8df8-6fe5b37274c1","code":"W07000062","name":"Clwyd South"},{"id":"686a3464-13e6-48d5-968a-37a775bf4ed8","code":"W07000063","name":"Montgomeryshire"},{"id":"0f37a319-72f2-43b0-b03b-edbd4d69a97c","code":"W07000064","name":"Ceredigion"},{"id":"f908700e-624e-4e9e-8d92-135c01104949","code":"W07000065","name":"Preseli Pembrokeshire"},{"id":"f0ab0db6-c007-49b4-994e-3ebd2e6d40e8","code":"W07000066","name":"Carmarthen West and South Pembrokeshire"},{"id":"c3e7c7b6-1249-4466-a0f8-4d54eed20932","code":"W07000067","name":"Carmarthen East and Dinefwr"},{"id":"ad168295-62f8-4686-abbe-f7bc20c4e6a5","code":"W07000068","name":"Brecon and Radnorshire"},{"id":"0b36030a-1386-45aa-8a0d-12a51c4c6bc8","code":"W07000069","name":"Neath"},{"id":"66b77ee8-15b2-48ea-addf-ed00845bb339","code":"W07000070","name":"Cynon Valley"},{"id":"9c0089e9-b4cc-4815-a4cd-889e7f35fdb7","code":"W07000071","name":"Merthyr Tydfil and Rhymney"},{"id":"5bff96fc-87b5-4907-8fbb-4c7b03a3fc47","code":"W07000072","name":"Blaenau Gwent"},{"id":"18af955e-246b-43f9-9a6e-774160fe7bef","code":"W07000073","name":"Bridgend"},{"id":"bdfcb090-2416-4266-9b54-4f763b4c74f0","code":"W07000074","name":"Ogmore"},{"id":"882fee66-3152-480c-8f62-3d2715849c3e","code":"W07000075","name":"Pontypridd"},{"id":"c066e6c6-b599-4ccf-a857-bda43d130b6b","code":"W07000076","name":"Caerphilly"},{"id":"241ce34e-7857-490a-a2e8-c02b1d601409","code":"W07000077","name":"Islwyn"},{"id":"529e6d90-7e6c-4410-9de4-08f554260f6e","code":"W07000078","name":"Vale of Glamorgan"},{"id":"387c7fb7-cb3e-4439-8b65-520c1343deb7","code":"W07000079","name":"Cardiff West"},{"id":"643dd9ec-5ebe-446f-97bd-6b259e4f364d","code":"W07000080","name":"Cardiff South and Penarth"}]
